timestamp;lat;lon;alt
644492204;469475379;87125654;1498366
644983232;469475380;87125654;1498355
645489953;469475380;87125654;1498341
645984889;469475381;87125656;1498281
646489504;469475382;87125659;1498221
646983150;469475383;87125661;1498161
647489039;469475383;87125663;1498104
647981438;469475384;87125665;1498046
648492133;469475385;87125667;1497987
648984172;469475385;87125668;1497926
649490647;469475385;87125670;1497868
649984865;469475386;87125671;1497807
650490097;469475386;87125672;1497750
650984370;469475387;87125673;1497696
651491278;469475387;87125675;1497632
651984130;469475382;87125667;1497573
652488310;469475380;87125662;1497544
652984133;469475386;87125666;1497542
653491242;469475397;87125675;1497697
653984764;469475403;87125695;1498063
654494595;469475394;87125711;1498610
654982138;469475382;87125709;1499208
655491243;469475371;87125689;1499841
655984131;469475364;87125662;1500482
656493132;469475361;87125644;1501191
656980214;469475364;87125636;1501884
657492030;469475367;87125639;1502583
657985323;469475367;87125650;1503280
658494736;469475364;87125658;1503978
658982218;469475362;87125662;1504676
659492130;469475363;87125663;1505353
659985285;469475366;87125664;1506052
660491258;469475369;87125665;1506778
660985128;469475370;87125667;1507495
661486979;469475370;87125670;1508237
661982333;469475373;87125676;1509374
662494236;469475370;87125683;1510846
662985762;469475361;87125682;1512280
663491388;469475352;87125675;1513720
663985185;469475348;87125670;1515162
664490453;469475350;87125667;1516612
664982139;469475357;87125670;1518061
665492236;469475363;87125674;1519520
665979629;469475367;87125674;1520975
666494129;469475368;87125669;1522189
666986131;469475371;87125663;1522724
667488945;469475376;87125660;1522761
667986128;469475380;87125663;1522843
668494192;469475377;87125670;1523405
668987369;469475366;87125676;1524632
669494227;469475357;87125680;1526077
669986941;469475353;87125678;1527500
670490919;469475355;87125671;1528941
670988264;469475358;87125663;1530383
671493491;469475363;87125660;1531822
671985790;469475365;87125659;1533276
672494846;469475365;87125659;1534749
672984712;469475363;87125657;1536259
673492135;469475362;87125655;1537754
673986134;469475363;87125654;1539251
674492141;469475364;87125653;1540733
674984002;469475364;87125653;1542202
675493555;469475365;87125654;1543675
675987172;469475367;87125652;1545155
676492790;469475369;87125652;1546629
676984154;469475369;87125653;1548113
677494152;469475369;87125651;1549604
677986140;469475370;87125648;1551079
678496132;469475371;87125646;1552558
678988227;469475372;87125646;1554027
679490488;469475373;87125644;1555480
679984613;469475373;87125642;1556943
680496856;469475373;87125639;1558406
680984316;469475374;87125637;1559867
681494215;469475374;87125634;1561280
681989191;469475374;87125633;1562591
682493385;469475384;87125637;1563664
682988463;469475411;87125677;1564555
683494729;469475399;87125718;1565283
683983177;469475354;87125705;1565801
684497033;469475321;87125647;1566264
684988846;469475291;87125576;1566594
685492139;469475250;87125498;1566859
685988567;469475192;87125403;1567029
686494138;469475111;87125286;1567133
686989992;469475004;87125137;1567216
687495180;469474869;87124946;1567294
687985960;469474704;87124708;1567361
688492133;469474507;87124417;1567415
688988664;469474271;87124065;1567504
689492142;469473989;87123644;1567606
689988179;469473657;87123150;1567683
690493980;469473276;87122586;1567734
690989940;469472847;87121955;1567808
691495448;469472355;87121247;1567822
691988136;469471765;87120432;1567717
692498860;469471071;87119512;1566429
692981760;469470345;87118524;1564216
693495763;469469632;87117469;1563284
693988164;469468944;87116399;1563234
694493331;469468275;87115352;1563574
694990346;469467579;87114397;1563957
695496128;469466824;87113576;1564090
695988131;469465982;87112979;1564368
696493617;469465074;87112683;1565024
696989225;469464158;87112682;1565853
697490721;469463276;87112855;1566631
697988506;469462424;87113082;1567224
698498077;469461571;87113266;1567090
698987938;469460696;87113270;1566627
699492142;469459828;87113005;1566216
699989132;469459026;87112447;1566139
700496518;469458339;87111643;1566307
700989221;469457802;87110635;1566662
701496132;469457448;87109482;1567124
701985572;469457296;87108251;1567671
702497774;469457349;87107012;1568252
702989270;469457606;87105836;1568914
703496630;469458048;87104790;1569533
703989134;469458641;87103919;1570035
704495253;469459328;87103217;1570359
704989132;469460068;87102644;1570588
705495492;469460839;87102157;1570703
705989129;469461633;87101734;1570771
706489843;469462445;87101371;1570854
706990129;469463271;87101071;1570840
707492986;469464110;87100840;1570641
707988330;469464967;87100701;1570504
708497129;469465834;87100660;1570203
708985638;469466708;87100753;1569784
709493396;469467580;87101007;1569400
709989129;469468426;87101441;1569148
710494406;469469221;87102048;1569022
710984158;469469951;87102812;1569034
711495132;469470610;87103701;1569063
711989131;469471189;87104703;1569177
712493926;469471683;87105800;1569359
712989130;469472087;87106976;1569560
713492999;469472394;87108216;1569756
713988443;469472596;87109500;1569954
714497332;469472678;87110817;1570352
714988133;469472653;87112143;1570650
715488786;469472510;87113452;1570964
715990730;469472255;87114709;1571253
716498276;469471901;87115888;1571449
716985992;469471460;87116973;1571613
717495776;469470943;87117963;1571700
717989485;469470355;87118851;1571772
718497175;469469704;87119629;1571807
718990137;469468998;87120293;1571787
719496131;469468246;87120835;1571783
719985725;469467457;87121248;1571784
720498214;469466645;87121524;1571693
720987735;469465819;87121659;1571579
721493593;469464991;87121649;1571441
721990133;469464171;87121492;1571308
722498134;469463374;87121192;1571225
722986194;469462609;87120760;1571167
723496132;469461885;87120208;1571145
723987151;469461208;87119544;1571097
724494135;469460588;87118772;1571075
724987623;469460028;87117903;1570945
725493413;469459543;87116941;1570848
725987250;469459140;87115907;1570794
726499323;469458823;87114816;1570724
726987245;469458593;87113682;1570644
727496130;469458450;87112515;1570595
727990405;469458395;87111328;1570464
728496139;469458434;87110133;1570431
728982876;469458563;87108945;1570380
729497442;469458785;87107783;1570304
729987541;469459099;87106662;1570183
730498768;469459503;87105602;1570045
730990136;469459994;87104616;1569892
731496129;469460567;87103719;1569774
731986210;469461215;87102924;1569731
732498140;469461925;87102244;1569689
732987303;469462686;87101693;1569695
733489151;469463484;87101277;1569742
733986624;469464309;87100999;1569773
734498433;469465154;87100857;1569807
734990694;469466013;87100853;1569800
735497597;469466879;87100999;1569744
735990132;469467733;87101312;1569699
736498131;469468553;87101799;1569708
736990237;469469325;87102435;1569629
737496470;469470037;87103208;1569534
737982386;469470680;87104104;1569434
738497136;469471244;87105111;1569309
738989132;469471717;87106217;1569242
739496397;469472088;87107404;1569240
739987294;469472354;87108652;1569282
740496288;469472517;87109940;1569332
740986863;469472575;87111249;1569382
741494132;469472527;87112562;1569422
741990135;469472373;87113858;1569395
742494131;469472101;87115111;1569467
742990231;469471711;87116293;1569652
743496163;469471221;87117379;1569882
743990283;469470652;87118359;1570128
744500128;469470015;87119226;1570345
744992519;469469322;87119975;1570390
745496767;469468577;87120593;1570398
745990531;469467793;87121075;1570366
746499132;469466981;87121412;1570273
746986227;469466152;87121604;1570194
747497269;469465320;87121645;1570164
747987244;469464497;87121548;1570125
748498274;469463689;87121313;1570088
748991882;469462903;87120941;1570054
749497164;469462151;87120435;1569964
749987667;469461444;87119805;1569817
750499139;469460795;87119054;1569669
750991257;469460216;87118195;1569598
751493507;469459712;87117249;1569546
751992310;469459285;87116229;1569493
752500125;469458938;87115146;1569427
752987142;469458677;87114010;1569360
753497130;469458504;87112835;1569260
753991366;469458422;87111638;1569173
754500017;469458431;87110434;1569059
754992008;469458536;87109235;1568993
755498246;469458738;87108061;1568945
755983595;469459035;87106930;1568902
756496221;469459422;87105856;1568835
756991250;469459896;87104855;1568787
757497995;469460449;87103939;1568749
757991292;469461077;87103121;1568719
758499424;469461771;87102410;1568682
758989140;469462524;87101823;1568723
759496450;469463324;87101365;1568710
759991005;469464160;87101052;1568749
760494133;469465017;87100889;1568821
760990566;469465885;87100878;1568865
761497506;469466752;87101024;1568864
761990285;469467603;87101327;1568870
762498206;469468424;87101778;1568879
762991004;469469200;87102378;1568987
763493848;469469924;87103108;1569066
763991279;469470588;87103964;1569033
764499141;469471175;87104938;1568923
764985046;469471671;87106019;1568784
765494852;469472062;87107193;1568708
765990224;469472342;87108436;1568684
766498894;469472514;87109721;1568649
766991517;469472579;87111029;1568677
767497131;469472540;87112341;1568702
767989135;469472390;87113638;1568733
768495144;469472135;87114898;1568650
768990412;469471770;87116097;1568615
769492134;469471299;87117209;1568739
769987140;469470737;87118213;1568916
770499845;469470109;87119101;1569085
770990904;469469421;87119871;1569253
771494268;469468682;87120511;1569412
771990372;469467903;87121010;1569481
772495140;469467095;87121361;1569545
772992059;469466269;87121566;1569596
773499400;469465434;87121623;1569688
773986510;469464601;87121544;1569668
774496490;469463781;87121323;1569569
774988149;469462987;87120959;1569427
775495050;469462229;87120461;1569314
775991302;469461519;87119839;1569246
776500136;469460865;87119103;1569216
776989206;469460274;87118265;1569178
777494512;469459757;87117332;1569100
777991243;469459319;87116319;1568969
778495135;469458962;87115239;1568863
778991269;469458689;87114105;1568774
779497140;469458504;87112932;1568691
779992369;469458414;87111734;1568617
780497140;469458419;87110532;1568550
780991472;469458521;87109339;1568487
781497133;469458718;87108174;1568441
781988722;469459005;87107051;1568398
782500896;469459381;87105984;1568367
782987284;469459840;87104984;1568351
783499600;469460378;87104064;1568396
783991457;469460988;87103233;1568435
784497138;469461664;87102504;1568449
784992787;469462398;87101885;1568427
785498317;469463184;87101392;1568392
785990262;469464012;87101038;1568320
786497032;469464872;87100836;1568216
786991414;469465751;87100801;1568146
787493677;469466631;87100939;1568133
787991244;469467494;87101242;1568176
788500318;469468325;87101697;1568176
788988067;469469112;87102299;1568155
789496139;469469842;87103039;1568160
789992130;469470500;87103912;1568306
790496416;469471085;87104893;1568486
790991281;469471589;87105965;1568559
791497130;469471999;87107117;1568487
791983999;469472303;87108332;1568354
792499937;469472494;87109592;1568244
792992794;469472570;87110874;1568186
793498138;469472540;87112157;1568128
793992120;469472404;87113424;1568065
794501416;469472167;87114656;1567981
794992213;469471831;87115834;1567949
795499138;469471402;87116944;1567898
795988143;469470884;87117967;1567853
796497500;469470285;87118882;1567835
796989907;469469613;87119674;1567856
797499133;469468883;87120332;1567966
797991307;469468110;87120855;1568034
798498172;469467307;87121236;1568024
798992292;469466480;87121479;1567990
799499130;469465644;87121579;1567923
799992132;469464809;87121532;1567940
800499253;469463988;87121346;1567971
800985145;469463193;87121020;1568013
801496021;469462435;87120558;1568223
801992771;469461720;87119985;1568300
802497346;469461056;87119301;1568352
802992132;469460449;87118518;1568311
803499132;469459905;87117639;1568235
803988582;469459434;87116675;1568105
804501281;469459045;87115633;1568032
804992129;469458742;87114528;1567904
805494133;469458534;87113376;1567815
805993206;469458420;87112195;1567753
806502287;469458401;87111003;1567750
806992129;469458477;87109817;1567772
807499142;469458635;87108642;1567723
807991502;469458873;87107486;1567704
808497844;469459192;87106359;1567727
808992555;469459593;87105277;1567745
809499894;469460076;87104259;1567673
809987177;469460647;87103327;1567547
810501441;469461306;87102505;1567441
810991257;469462047;87101818;1567468
811498323;469462850;87101279;1567585
811993132;469463698;87100898;1567747
812500141;469464570;87100674;1567876
812991850;469465454;87100602;1567954
813499128;469466339;87100686;1567982
813992128;469467216;87100923;1567970
814496132;469468072;87101317;1567967
814992133;469468892;87101861;1567934
815499861;469469664;87102554;1567888
815991608;469470373;87103387;1567820
816500136;469471003;87104352;1567768
816989299;469471541;87105427;1567747
817498169;469471979;87106593;1567797
817989168;469472311;87107828;1567814
818500140;469472537;87109104;1567785
818987243;469472700;87110437;1567827
819496739;469472871;87111840;1568636
819992132;469473130;87113281;1569851
820501422;469473571;87114683;1571702
820992135;469474183;87115987;1573912
821499160;469474948;87117129;1576359
821988173;469475838;87118052;1578913
822500131;469476821;87118718;1581393
822992247;469477852;87119080;1583708
823494135;469478881;87119107;1585842
823992127;469479858;87118829;1587712
824500395;469480734;87118280;1589452
824992248;469481498;87117549;1590920
825500132;469482171;87116724;1592127
825992132;469482791;87115841;1593031
826500133;469483392;87114929;1593637
826990147;469484009;87114016;1594034
827500551;469484668;87113134;1594568
827988129;469485375;87112311;1595450
828500167;469486122;87111561;1596734
828992149;469486898;87110872;1598229
829499137;469487699;87110237;1599821
829991253;469488522;87109630;1601201
830501276;469489352;87109026;1602702
830989172;469490171;87108412;1604891
831497657;469490978;87107784;1607499
831992849;469491766;87107146;1609933
832496318;469492529;87106487;1611550
832992353;469493242;87105758;1612790
833499276;469493882;87104924;1614009
833993003;469494431;87103984;1615299
834500906;469494888;87102955;1616666
834992725;469495254;87101857;1617991
835498136;469495527;87100701;1619199
835992519;469495713;87099515;1620338
836501027;469495829;87098345;1620868
836987145;469495898;87097194;1620118
837498131;469495886;87096046;1618828
837987636;469495765;87094900;1617530
838500129;469495526;87093776;1616500
838992058;469495175;87092695;1615940
839500134;469494725;87091671;1615787
839992136;469494192;87090722;1615903
840499208;469493591;87089862;1616100
840989678;469492936;87089100;1616303
841496947;469492242;87088442;1616418
841989238;469491513;87087903;1616438
842498612;469490747;87087500;1616547
842993666;469489957;87087221;1616482
843499138;469489141;87087075;1616464
843993367;469488315;87087077;1616486
844500330;469487498;87087231;1616680
844993211;469486709;87087521;1616942
845500250;469485950;87087926;1617237
845985504;469485221;87088422;1617202
846500996;469484521;87089034;1617023
846990763;469483860;87089774;1616649
847502173;469483263;87090673;1616393
847990121;469482753;87091722;1616295
848501256;469482339;87092886;1616265
848993128;469482032;87094140;1616348
849500344;469481833;87095457;1616745
849994184;469481738;87096799;1617211
850494672;469481747;87098142;1617749
850993132;469481844;87099464;1617807
851501270;469482033;87100753;1617425
851990529;469482333;87101998;1616825
852502838;469482768;87103183;1616276
852993140;469483338;87104272;1615923
853502082;469484030;87105217;1615886
853993320;469484812;87105997;1616073
854499274;469485642;87106625;1616323
854988651;469486502;87107126;1616428
855498787;469487389;87107497;1616408
855993106;469488295;87107715;1616288
856500197;469489206;87107746;1616247
856993130;469490100;87107603;1616275
857501505;469490958;87107301;1616307
857989148;469491763;87106839;1616475
858498363;469492509;87106250;1616499
858992689;469493195;87105554;1616407
859496215;469493820;87104759;1616266
859991757;469494356;87103842;1616250
860500139;469494798;87102827;1616044
860993130;469495163;87101759;1615808
861500374;469495459;87100643;1615693
861992719;469495680;87099486;1615695
862500238;469495819;87098300;1615715
862991737;469495863;87097099;1615762
863499130;469495805;87095899;1615852
863988434;469495646;87094722;1615973
864499131;469495395;87093586;1616055
864991332;469495059;87092503;1616035
865495144;469494635;87091486;1615984
865991831;469494136;87090548;1615895
866499133;469493572;87089694;1615740
866990388;469492940;87088938;1615689
867499137;469492242;87088297;1615598
867993021;469491485;87087785;1615480
868496939;469490684;87087408;1615468
868990149;469489853;87087167;1615615
869500392;469489013;87087065;1615953
869992002;469488180;87087105;1616274
870499132;469487364;87087293;1616804
870990435;469486574;87087621;1617374
871497068;469485818;87088065;1617863
871991576;469485096;87088613;1618253
872500139;469484410;87089271;1618545
872989097;469483762;87090026;1618493
873500419;469483170;87090909;1618459
873991271;469482657;87091925;1618558
874499602;469482245;87093054;1618627
874993132;469481926;87094249;1618462
875500133;469481701;87095484;1617974
875992136;469481577;87096749;1617175
876501263;469481565;87098038;1616298
876995238;469481690;87099351;1615657
877496130;469481958;87100652;1615334
877996520;469482354;87101898;1615236
878502280;469482855;87103073;1615291
878994198;469483452;87104167;1615487
879501249;469484142;87105152;1615915
879994565;469484912;87106011;1616474
880502014;469485740;87106722;1616894
880994252;469486603;87107276;1616969
881502068;469487488;87107662;1616778
881988233;469488385;87107860;1616447
882503048;469489280;87107860;1616072
882994268;469490156;87107659;1615881
883501639;469490992;87107274;1615956
883994164;469491777;87106758;1616047
884499142;469492513;87106142;1616077
884994128;469493201;87105440;1615895
885501265;469493827;87104637;1615678
885992974;469494374;87103730;1615545
886497156;469494837;87102741;1615472
886993723;469495217;87101686;1615420
887500517;469495512;87100580;1615345
887992744;469495717;87099430;1615251
888500134;469495825;87098252;1615255
888992346;469495838;87097067;1615326
889496802;469495763;87095892;1615374
889991618;469495605;87094740;1615384
890497144;469495367;87093622;1615335
890987311;469495051;87092547;1615222
891499530;469494654;87091532;1615104
891992341;469494171;87090597;1615030
892497175;469493603;87089762;1615072
892989141;469492961;87089032;1615177
893499133;469492260;87088408;1615384
893996128;469491516;87087894;1615523
894498154;469490736;87087499;1615634
894993129;469489932;87087227;1615826
895493355;469489107;87087106;1616241
895993130;469488279;87087132;1616685
896502475;469487465;87087283;1617087
896990495;469486674;87087546;1617247
897497678;469485911;87087916;1617138
897994266;469485184;87088402;1616757
898501337;469484493;87089023;1616332
898993155;469483845;87089786;1615955
899501254;469483260;87090691;1615684
899989416;469482757;87091727;1615580
900499246;469482348;87092867;1615542
900994449;469482037;87094084;1615607
901498608;469481829;87095358;1615766
901993365;469481724;87096663;1615859
902504783;469481721;87097977;1615824
902994366;469481819;87099289;1615749
903502141;469482025;87100581;1615661
903992330;469482347;87101831;1615650
904499136;469482783;87103006;1615748
904994133;469483324;87104082;1615922
905502328;469483953;87105046;1616070
905992202;469484654;87105902;1616200
906503501;469485382;87106702;1615916
906993146;469486096;87107505;1614533
907500447;469486744;87108433;1612478
907992328;469487256;87109556;1610517
908502133;469487579;87110834;1608931
908987800;469487715;87112188;1607872
909501242;469487704;87113544;1607329
909994129;469487586;87114858;1606955
910502738;469487390;87116118;1606425
910995133;469487123;87117322;1605633
911502132;469486784;87118468;1604844
911994915;469486415;87119585;1603970
912500211;469486053;87120698;1602932
912996074;469485721;87121831;1601785
913499134;469485425;87122982;1600528
913994535;469485155;87124146;1599218
914500139;469484898;87125319;1597980
914991836;469484643;87126497;1596939
915503129;469484383;87127675;1596091
915995223;469484114;87128845;1595420
916503131;469483835;87130001;1594747
916996893;469483545;87131144;1594089
917503549;469483250;87132276;1593341
917987142;469482951;87133402;1592551
918503130;469482649;87134528;1591735
918995161;469482347;87135655;1590886
919502141;469482047;87136787;1589997
919995159;469481748;87137924;1589080
920504121;469481453;87139070;1588218
920996090;469481161;87140220;1587403
921502257;469480871;87141368;1586596
921991262;469480579;87142516;1585799
922499138;469480287;87143661;1584994
922992782;469479991;87144800;1584200
923503617;469479690;87145938;1583367
923995589;469479388;87147075;1582497
924501284;469479086;87148215;1581524
924993249;469478793;87149366;1580609
925500225;469478536;87150544;1579699
925992311;469478336;87151756;1578809
926501938;469478209;87153004;1578017
926988162;469478119;87154278;1577279
927502482;469478005;87155636;1577037
927994136;469477783;87157057;1577791
928499146;469477408;87158466;1579174
928995926;469476863;87159788;1581158
929500253;469476176;87160986;1583497
929993129;469475367;87162030;1585973
930502137;469474457;87162884;1588601
930995210;469473476;87163539;1591156
931498378;469472454;87163988;1593471
931995911;469471417;87164196;1595661
932500481;469470398;87164152;1597748
932992100;469469433;87163859;1599749
933503179;469468558;87163329;1601665
933995157;469467792;87162622;1603527
934502207;469467131;87161817;1605356
934995133;469466555;87160962;1607030
935502485;469466035;87160082;1608298
935988143;469465560;87159177;1609257
936504237;469465118;87158244;1609976
936995507;469464686;87157296;1610572
937502774;469464252;87156343;1611231
937995218;469463809;87155394;1612072
938504143;469463352;87154457;1613076
938995132;469462880;87153538;1614228
939500045;469462392;87152634;1615473
939996129;469461890;87151742;1616676
940500135;469461381;87150855;1617766
940996127;469460871;87149965;1618776
941503134;469460366;87149063;1619880
941995130;469459867;87148149;1621074
942503217;469459373;87147225;1622439
942996127;469458878;87146295;1623817
943499669;469458385;87145359;1625163
943997138;469457891;87144415;1626282
944505215;469457396;87143464;1627354
944991322;469456899;87142506;1628356
945503173;469456400;87141543;1629421
945995132;469455900;87140577;1630606
946504496;469455396;87139609;1631906
946995132;469454890;87138642;1633293
947500301;469454380;87137677;1634538
947993029;469453867;87136712;1635761
948505288;469453352;87135748;1636882
948994180;469452838;87134784;1638011
949497145;469452324;87133819;1639205
949998743;469451815;87132848;1640604
950507129;469451310;87131868;1642186
950998127;469450810;87130880;1643833
951507462;469450309;87129888;1645341
951999307;469449807;87128900;1646705
952504196;469449305;87127914;1647804
952996234;469448806;87126927;1648926
953507922;469448307;87125946;1650250
953995101;469447807;87124973;1651630
954504430;469447308;87124007;1653272
954999143;469446807;87123048;1655026
955506130;469446324;87122081;1656533
955999240;469445874;87121090;1657633
956508128;469445470;87120056;1658358
956996594;469445140;87118961;1659029
957504323;469444903;87117809;1659776
957999138;469444778;87116616;1660821
958503133;469444760;87115407;1662021
958997644;469444841;87114207;1663389
959507193;469445011;87113033;1664835
959996750;469445257;87111889;1666185
960509130;469445569;87110794;1667333
961000349;469445889;87109741;1667350
961504959;469446162;87108682;1666101
961997175;469446290;87107549;1664560
962507030;469446205;87106377;1663297
962995128;469445906;87105250;1662523
963507128;469445451;87104227;1662420
964000560;469444909;87103308;1662857
964507133;469444327;87102470;1663458
965000193;469443723;87101686;1663941
965504391;469443101;87100951;1664292
965997139;469442457;87100265;1664409
966504351;469441783;87099639;1664315
966998132;469441073;87099095;1664118
967502130;469440322;87098656;1663899
967999219;469439534;87098352;1663723
968507131;469438722;87098204;1663703
968998211;469437900;87098216;1663788
969504392;469437086;87098385;1663988
969999610;469436293;87098694;1664210
970510532;469435530;87099131;1664388
971001356;469434802;87099685;1664560
971508814;469434115;87100347;1664602
971996130;469433479;87101114;1664577
972508134;469432905;87101985;1664529
973000136;469432403;87102953;1664512
973506321;469431984;87104005;1664516
974000261;469431653;87105123;1664541
974509526;469431415;87106290;1664561
974997794;469431268;87107488;1664522
975508807;469431221;87108705;1664495
976000730;469431273;87109924;1664432
976503134;469431424;87111128;1664373
976999901;469431675;87112298;1664349
977506497;469432017;87113419;1664339
977998134;469432445;87114479;1664277
978506517;469432954;87115460;1664263
979000706;469433537;87116348;1664223
979504599;469434187;87117128;1664210
979998139;469434894;87117788;1664258
980509080;469435647;87118321;1664311
980995813;469436435;87118724;1664278
981505713;469437246;87118987;1664290
981996173;469438068;87119110;1664280
982507184;469438891;87119092;1664304
982999152;469439702;87118936;1664398
983504141;469440491;87118648;1664492
983995894;469441248;87118234;1664547
984505179;469441965;87117699;1664601
984997000;469442633;87117050;1664658
985504512;469443244;87116300;1664674
986000458;469443791;87115462;1664667
986505776;469444273;87114546;1664623
986997180;469444681;87113560;1664553
987507283;469445012;87112515;1664486
988000132;469445260;87111422;1664458
988509231;469445421;87110296;1664459
989002832;469445495;87109149;1664472
989506140;469445482;87107999;1664523
989996470;469445383;87106858;1664597
990507148;469445201;87105740;1664632
991001562;469444937;87104656;1664617
991508866;469444591;87103620;1664577
992002137;469444168;87102644;1664533
992507256;469443673;87101742;1664489
993001362;469443111;87100924;1664495
993507158;469442490;87100201;1664499
994000790;469441818;87099581;1664469
994505916;469441097;87099079;1664504
995001950;469440339;87098702;1664532
995508565;469439557;87098456;1664542
996000911;469438760;87098341;1664532
996507739;469437956;87098348;1664495
997001250;469437155;87098480;1664552
997506653;469436364;87098744;1664688
997999569;469435595;87099133;1664822
998511505;469434856;87099649;1664973
998997726;469434162;87100286;1665046
999510742;469433523;87101038;1665043
1000002133;469432949;87101899;1665021
1000507148;469432450;87102856;1664996
1001003289;469432032;87103895;1665010
1001506330;469431700;87105001;1665027
1001998012;469431456;87106156;1665043
1002507986;469431300;87107345;1665039
1003002128;469431238;87108555;1664980
1003506055;469431275;87109771;1664916
1004000306;469431410;87110975;1664822
1004511436;469431646;87112151;1664742
1005001262;469431979;87113280;1664718
1005507402;469432399;87114346;1664682
1006002156;469432900;87115334;1664664
1006509152;469433475;87116234;1664604
1007003130;469434119;87117029;1664578
1007506850;469434822;87117707;1664542
1007997132;469435575;87118258;1664513
1008511109;469436368;87118671;1664463
1009002703;469437185;87118941;1664440
1009510188;469438016;87119069;1664453
1010002203;469438846;87119058;1664455
1010509542;469439665;87118909;1664456
1011001292;469440464;87118625;1664513
1011509317;469441231;87118212;1664595
1011999770;469441958;87117674;1664686
1012507432;469442637;87117024;1664726
1013002131;469443260;87116267;1664707
1013510459;469443816;87115413;1664650
1013997940;469444299;87114471;1664563
1014510131;469444700;87113454;1664547
1015001600;469445020;87112380;1664555
1015508478;469445254;87111266;1664617
1016003515;469445407;87110124;1664662
1016509199;469445473;87108964;1664729
1016996129;469445452;87107801;1664764
1017509106;469445341;87106651;1664778
1018002010;469445143;87105525;1664757
1018509369;469444862;87104436;1664710
1019002507;469444496;87103398;1664659
1019509785;469444053;87102425;1664562
1020001779;469443532;87101531;1664528
1020510135;469442943;87100726;1664541
1021002735;469442290;87100028;1664701
1021505241;469441588;87099438;1664937
1022001735;469440847;87098967;1665249
1022507214;469440083;87098616;1665332
1023001250;469439307;87098386;1665190
1023510134;469438520;87098284;1664999
1024000062;469437727;87098314;1664896
1024510129;469436936;87098482;1664875
1025004187;469436160;87098785;1664925
1025511243;469435410;87099217;1664978
1025997497;469434697;87099773;1665027
1026511254;469434029;87100443;1665083
1027002131;469433414;87101218;1665101
1027506144;469432857;87102091;1665092
1028003450;469432369;87103056;1665044
1028508983;469431958;87104100;1664977
1029002454;469431632;87105212;1664865
1029512050;469431401;87106382;1664764
1030003499;469431269;87107593;1664694
1030506145;469431242;87108822;1664682
1031003132;469431317;87110051;1664756
1031507611;469431488;87111262;1664865
1032001976;469431750;87112437;1664959
1032511241;469432098;87113564;1664983
1033002133;469432536;87114627;1664994
1033509133;469433058;87115608;1664911
1034002183;469433656;87116491;1664810
1034510134;469434325;87117260;1664707
1034997128;469435053;87117904;1664609
1035507152;469435831;87118412;1664545
1036000055;469436643;87118778;1664500
1036510128;469437477;87118999;1664498
1037004477;469438319;87119074;1664548
1037511457;469439157;87119008;1664597
1038002720;469439979;87118805;1664610
1038510141;469440776;87118469;1664607
1039002144;469441537;87118004;1664595
1039503955;469442252;87117412;1664627
1040003621;469442913;87116703;1664662
1040512959;469443509;87115888;1664684
1041002130;469444036;87114982;1664715
1041509177;469444487;87113998;1664749
1042001336;469444859;87112949;1664783
1042508140;469445147;87111847;1664824
1043001250;469445347;87110704;1664850
1043507396;469445457;87109536;1664846
1043994502;469445475;87108360;1664843
1044510138;469445402;87107186;1664823
1045002132;469445240;87106031;1664810
1045509807;469444991;87104909;1664767
1046002292;469444657;87103834;1664741
1046511906;469444240;87102820;1664699
1047001458;469443743;87101882;1664736
1047509134;469443173;87101034;1664872
1048002292;469442542;87100284;1665046
1048506727;469441858;87099645;1665335
1049004153;469441135;87099122;1665526
1050000168;469439614;87098423;1665083
1050511274;469438820;87098276;1664892
1051003409;469438015;87098271;1664777
1051510136;469437210;87098408;1664767
1052004206;469436418;87098683;1664828
1052512806;469435650;87099088;1664921
1052999245;469434918;87099611;1664948
1053512354;469434227;87100249;1664928
1054003614;469433590;87100998;1664870
1054507943;469433014;87101854;1664813
1055001338;469432508;87102804;1664736
1055512651;469432081;87103838;1664747
1056000147;469431738;87104942;1664788
1056509143;469431485;87106099;1664864
1057004154;469431325;87107294;1664931
1057507455;469431260;87108511;1664979
1058003228;469431292;87109736;1664991
1058511419;469431422;87110952;1665025
1059002130;469431652;87112143;1665070
1059510281;469431978;87113289;1665067
1060004202;469432396;87114372;1665033
1060511391;469432904;87115373;1665001
1061004598;469433492;87116276;1664957
1061511252;469434147;87117076;1664873
1061995751;469434838;87117794;1664588
1062512111;469435527;87118477;1663372
1063004809;469436209;87119177;1661276
1063510837;469436884;87119933;1659156
1064001264;469437551;87120738;1657314
1064513271;469438214;87121568;1655781
1065002163;469438877;87122400;1654512
1065511800;469439541;87123219;1653321
1066003215;469440209;87124019;1652110
1066507871;469440882;87124797;1650869
1067000188;469441562;87125557;1649663
1067507147;469442246;87126303;1648501
1068002129;469442930;87127040;1647374
1068508445;469443613;87127772;1646197
1069003134;469444292;87128507;1645081
1069511998;469444967;87129246;1643873
1070003131;469445639;87129989;1642607
1070511418;469446310;87130738;1641370
1070996053;469446984;87131493;1640206
1071510396;469447659;87132250;1639079
1072003233;469448339;87133004;1637940
1072510143;469449027;87133752;1636762
1073004392;469449715;87134502;1635397
1073508335;469450405;87135266;1634261
1074002670;469451094;87136038;1633313
1074512155;469451784;87136820;1632619
1075003623;469452470;87137598;1631672
1075507132;469453154;87138372;1630410
1076004129;469453841;87139149;1629072
1076512055;469454531;87139934;1627881
1076999214;469455222;87140720;1626743
1077510842;469455912;87141503;1625587
1078002890;469456605;87142280;1624453
1078509916;469457299;87143051;1623284
1079003224;469457996;87143814;1622032
1079511241;469458693;87144578;1620779
1079998132;469459387;87145346;1619495
1080511268;469460080;87146122;1618182
1081002046;469460772;87146899;1616798
1081508136;469461466;87147678;1615361
1082000131;469462163;87148457;1614031
1082508133;469462873;87149210;1612640
1083001298;469463611;87149894;1611096
1083508136;469464392;87150462;1609395
1084001851;469465222;87150846;1607963
1084505622;469466074;87151033;1606806
1084999230;469466922;87151038;1605837
1085508131;469467749;87150894;1604943
1086001787;469468547;87150631;1603951
1086509734;469469311;87150260;1602838
1087002135;469470039;87149784;1601647
1087508377;469470724;87149207;1600418
1087998334;469471361;87148534;1599117
1088509335;469471942;87147777;1597655
1088997135;469472457;87146932;1596225
1089508133;469472897;87146007;1594936
1090001264;469473259;87145021;1593775
1090506976;469473544;87143990;1592690
1091000133;469473752;87142930;1591689
1091508134;469473892;87141855;1590666
1092000130;469474003;87140778;1589466
1092508132;469474131;87139708;1587835
1093002087;469474299;87138631;1586198
1093501840;469474503;87137555;1584924
1094001454;469474726;87136482;1583959
1094506139;469474951;87135414;1583162
1094996752;469475170;87134349;1582336
1095509246;469475380;87133283;1581344
1096000720;469475578;87132213;1580248
1096508131;469475769;87131140;1579034
1096998152;469475952;87130063;1577779
1097508129;469476130;87128982;1576547
1097993752;469476308;87127900;1575369
1098508801;469476488;87126818;1574276
1099000131;469476673;87125738;1573203
1099507142;469476864;87124662;1572210
1099998820;469477059;87123587;1571166
1100506147;469477256;87122514;1570106
1100998167;469477453;87121442;1569019
1101504873;469477649;87120369;1568007
1101997157;469477844;87119294;1567104
1102504138;469478036;87118222;1566109
1103001406;469478228;87117152;1564933
1103505147;469478402;87116073;1563773
1103997533;469478537;87114981;1562508
1104508132;469478610;87113864;1561386
1105001048;469478605;87112739;1560366
1105504140;469478512;87111624;1559454
1106001273;469478322;87110540;1558750
1106508129;469478037;87109501;1558168
1106993292;469477679;87108514;1557455
1107506742;469477274;87107561;1556727
1108001243;469476846;87106624;1556035
1108509557;469476411;87105692;1555144
1108998937;469475984;87104751;1554156
1109510865;469475570;87103801;1553083
1109998251;469475165;87102844;1551979
1110509409;469474764;87101886;1550848
1111000205;469474362;87100934;1549751
1111503671;469473960;87099988;1548680
1112001409;469473558;87099049;1547614
1112509132;469473154;87098120;1546545
1113000132;469472747;87097200;1545484
1113508138;469472340;87096287;1544501
1113997144;469471935;87095378;1543534
1114508613;469471532;87094472;1542538
1115000166;469471133;87093566;1541544
1115508375;469470735;87092660;1540623
1115996647;469470335;87091749;1540067
1116506779;469469936;87090837;1539522
1117000541;469469536;87089923;1539121
1117505322;469469138;87089011;1538579
1118000211;469468742;87088102;1537905
1118509725;469468328;87087204;1537269
1119001342;469467884;87086334;1536499
1119510045;469467382;87085513;1535733
1119998174;469466810;87084769;1534978
1120504167;469466180;87084122;1534092
1121000945;469465498;87083585;1533056
1121508357;469464768;87083180;1532079
1122000131;469464010;87082901;1531005
1122507131;469463233;87082752;1529954
1122997606;469462451;87082710;1528664
1123506131;469461661;87082790;1527467
1124000134;469460872;87083012;1526378
1124509392;469460099;87083383;1525549
1124997312;469459358;87083880;1524844
1125508504;469458662;87084487;1524147
1125997864;469458018;87085196;1523401
1126509347;469457415;87086050;1523045
1127001579;469456879;87087045;1523535
1127506889;469456417;87088134;1524394
1128001244;469456028;87089292;1525178
1128510052;469455722;87090507;1525718
1129002348;469455515;87091762;1525973
1129504744;469455416;87093037;1525961
1130001249;469455441;87094315;1525873
1130510468;469455595;87095575;1525766
1131001245;469455873;87096797;1525660
1131509811;469456258;87097966;1525606
1131998888;469456738;87099069;1525671
1132508888;469457298;87100089;1525690
1132999960;469457933;87101009;1525673
1133509574;469458635;87101812;1525642
1133999050;469459396;87102480;1525590
1134511350;469460203;87102991;1525616
1135001287;469461039;87103349;1525570
1135505145;469461892;87103550;1525577
1136000140;469462751;87103596;1525594
1136510132;469463599;87103490;1525614
1137001248;469464426;87103240;1525622
1137510001;469465223;87102858;1525626
1138002137;469465979;87102345;1525665
1138505155;469466681;87101710;1525688
1139001740;469467321;87100968;1525746
1139506142;469467900;87100153;1525524
1139998151;469468407;87099262;1525156
1140510244;469468830;87098284;1525014
1141001386;469469163;87097233;1525270
1141508327;469469406;87096150;1525641
1142001265;469469568;87095061;1526022
1142507368;469469660;87093974;1526305
1142997205;469469684;87092892;1526427
1143508875;469469642;87091815;1526444
1143998293;469469520;87090743;1526449
1144508143;469469315;87089692;1526428
1144998718;469469036;87088674;1526380
1145509174;469468678;87087700;1526364
1146001345;469468239;87086781;1526391
1146509705;469467736;87085922;1526277
1147002280;469467174;87085139;1526003
1147503631;469466554;87084449;1525601
1148001246;469465881;87083860;1525140
1148510790;469465155;87083385;1524733
1148998143;469464381;87083039;1524534
1149509176;469463568;87082833;1524492
1150001274;469462731;87082776;1524686
1150508745;469461890;87082862;1525004
1151001245;469461060;87083081;1525308
1151509544;469460256;87083420;1525507
1151998525;469459481;87083869;1525484
1152510377;469458742;87084441;1525365
1153003783;469458048;87085144;1525289
1153509138;469457412;87085976;1525270
1154005275;469456848;87086928;1525295
1154510134;469456366;87087984;1525420
1155003578;469455976;87089123;1525556
1155508131;469455683;87090325;1525489
1156002285;469455498;87091573;1525295
1156505143;469455425;87092850;1525116
1157001766;469455471;87094134;1525188
1157510270;469455623;87095393;1525397
1158002253;469455862;87096609;1525592
1158510159;469456183;87097780;1525711
1159001323;469456589;87098903;1525686
1159508134;469457090;87099964;1525617
1160002133;469457689;87100937;1525502
1160507358;469458379;87101797;1525315
1160998416;469459153;87102503;1525189
1161506415;469459988;87103036;1525071
1162000447;469460859;87103394;1524996
1162509719;469461747;87103584;1525081
1162999013;469462632;87103615;1525211
1163509139;469463500;87103499;1525324
1164001246;469464347;87103252;1525315
1164510128;469465167;87102877;1525243
1164998919;469465951;87102372;1525082
1165508334;469466684;87101739;1524883
1166003136;469467345;87100972;1524750
1166510216;469467924;87100095;1524722
1167001835;469468420;87099134;1524870
1167506855;469468833;87098109;1525269
1168003129;469469156;87097041;1525845
1168508467;469469392;87095960;1526338
1169002340;469469561;87094880;1526754
1169507041;469469667;87093801;1526999
1169998194;469469706;87092724;1527022
1170505995;469469665;87091654;1526832
1171001575;469469551;87090591;1526545
1171508900;469469361;87089541;1526049
1172002134;469469083;87088528;1525525
1172507557;469468711;87087569;1525231
1173001278;469468262;87086663;1525071
1173508134;469467746;87085811;1524868
1173998783;469467159;87085034;1524628
1174502154;469466502;87084356;1524426
1175004045;469465781;87083800;1524363
1175508133;469465011;87083379;1524440
1175999330;469464207;87083088;1524718
1176507142;469463386;87082910;1525005
1177002546;469462556;87082839;1525226
1177506137;469461726;87082882;1525270
1178002313;469460900;87083058;1525196
1178511341;469460090;87083387;1525157
1178998260;469459311;87083871;1525163
1179509916;469458577;87084498;1525191
1180003132;469457900;87085258;1525208
1180510860;469457288;87086137;1525185
1181003425;469456750;87087124;1525139
1181511375;469456292;87088206;1525135
1182002486;469455922;87089367;1525174
1182508452;469455651;87090599;1525280
1183003276;469455486;87091880;1525348
1183505133;469455436;87093184;1525467
1184000145;469455498;87094483;1525513
1184509426;469455664;87095760;1525509
1184999378;469455934;87097001;1525433
1185510567;469456307;87098188;1525347
1186004818;469456786;87099296;1525507
1186507776;469457353;87100309;1525667
1187002132;469457989;87101213;1525664
1187510462;469458688;87101997;1525503
1187995236;469459449;87102651;1525409
1188512047;469460266;87103161;1525353
1189003135;469461122;87103515;1525346
1189506941;469461999;87103708;1525254
1190003133;469462878;87103719;1525156
1190512582;469463740;87103561;1525075
1191002470;469464571;87103247;1525071
1191509160;469465362;87102800;1525036
1192002135;469466109;87102239;1525083
1192507518;469466799;87101569;1525222
1193000150;469467422;87100805;1525372
1193509492;469467978;87099963;1525541
1194002131;469468470;87099050;1525705
1194510285;469468890;87098075;1525855
1195002134;469469230;87097047;1525993
1195509132;469469495;87095990;1525907
1196002133;469469671;87094913;1525786
1196513342;469469753;87093822;1525789
1196999604;469469754;87092726;1525919
1197506987;469469678;87091637;1526033
1198001892;469469528;87090560;1526172
1198509142;469469309;87089502;1526069
1198999888;469469015;87088468;1525822
1199510182;469468645;87087469;1525270
1200000140;469468182;87086528;1524722
1200511801;469467625;87085680;1524410
1201002531;469466987;87084945;1524338
1201507266;469466295;87084325;1524476
1202003908;469465565;87083810;1524710
1202511395;469464808;87083395;1524991
1203002470;469464028;87083083;1525221
1203509925;469463225;87082883;1525365
1204003135;469462406;87082810;1525468
1204510130;469461577;87082873;1525476
1205003040;469460753;87083087;1525488
1205510133;469459948;87083453;1525424
1205996713;469459178;87083965;1525362
1206508740;469458448;87084616;1525239
1207003821;469457775;87085412;1525196
1207510132;469457174;87086336;1525190
1208002525;469456649;87087363;1525203
1208512214;469456207;87088478;1525278
1209003339;469455860;87089667;1525440
1209507985;469455610;87090903;1525414
1210000331;469455460;87092175;1525302
1210508130;469455421;87093470;1525218
1211000856;469455499;87094768;1525201
1211510484;469455695;87096041;1525246
1212000207;469456001;87097266;1525381
1212512169;469456405;87098429;1525483
1213003535;469456899;87099517;1525534
1213510374;469457472;87100522;1525420
1214003609;469458123;87101421;1525217
1214512153;469458851;87102185;1524999
1214999208;469459648;87102786;1525014
1215511264;469460494;87103222;1525176
1216003269;469461363;87103492;1525322
1216512895;469462238;87103614;1525329
1217004168;469463109;87103595;1525203
1217511840;469463965;87103427;1525035
1218001730;469464796;87103106;1524969
1218512632;469465586;87102645;1524956
1219000140;469466323;87102061;1524972
1219505130;469466996;87101378;1525106
1220003139;469467606;87100603;1525338
1220510383;469468149;87099745;1525615
1221003161;469468621;87098815;1525806
1221507313;469469014;87097821;1525811
1222004232;469469318;87096765;1525795
1222507594;469469534;87095661;1525712
1223004908;469469660;87094526;1525736
1223510128;469469708;87093384;1525695
1223999132;469469675;87092249;1525657
1224513453;469469567;87091133;1525500
1225004581;469469376;87090037;1525236
1225510130;469469095;87088978;1524971
1226003516;469468731;87087969;1524768
1226508657;469468290;87087022;1524664
1227002524;469467781;87086145;1524665
1227507277;469467213;87085350;1524848
1228003324;469466586;87084656;1525404
1228507134;469465920;87084064;1525974
1229000037;469465231;87083566;1526139
1229507756;469464514;87083165;1525929
1230002136;469463753;87082889;1525664
1230511335;469462957;87082761;1525326
1231001346;469462142;87082785;1525024
1231510133;469461323;87082961;1524935
1232004635;469460511;87083268;1524946
1232514264;469459719;87083706;1525220
1232999133;469458958;87084257;1525541
1233512477;469458235;87084911;1525699
1234004255;469457565;87085683;1525754
1234512222;469456965;87086568;1525682
1235003447;469456458;87087571;1525687
1235511261;469456053;87088658;1525577
1236004138;469455743;87089809;1525407
1236513343;469455527;87091015;1525175
1237004131;469455411;87092268;1525012
1237508101;469455403;87093553;1524886
1238001955;469455503;87094845;1524809
1238513679;469455711;87096117;1524712
1239001556;469456027;87097345;1524747
1239511244;469456444;87098509;1524891
1240001987;469456955;87099589;1525143
1240512131;469457546;87100571;1525350
1241004400;469458212;87101439;1525460
1241511271;469458943;87102187;1525502
1242000138;469459729;87102803;1525389
1242512461;469460561;87103262;1525188
1243001367;469461424;87103547;1524992
1243508365;469462298;87103653;1524921
1244005139;469463164;87103599;1524889
1244513129;469464012;87103395;1524847
1245004135;469464833;87103051;1524825
1245508974;469465620;87102584;1524755
1246004132;469466360;87101992;1524695
1246509302;469467039;87101281;1524699
1247002188;469467648;87100466;1524742
1247512130;469468185;87099566;1524638
1248006029;469468641;87098590;1524546
1248513131;469469011;87097547;1524657
1249004131;469469295;87096456;1524937
1249511243;469469495;87095335;1525283
1250001318;469469622;87094195;1525557
1250510229;469469678;87093049;1525471
1250999135;469469645;87091903;1525245
1251511468;469469517;87090771;1524985
1252001357;469469292;87089670;1524777
1252511250;469468977;87088613;1524622
1253004131;469468570;87087612;1524896
1253511287;469468086;87086671;1525353
1254003367;469467535;87085805;1525852
1254512596;469466928;87085026;1526357
1255002206;469466278;87084344;1526703
1255505140;469465587;87083771;1526835
1256000406;469464861;87083317;1526731
1256509884;469464107;87082983;1526401
1257003203;469463324;87082785;1526063
1257510237;469462525;87082725;1525639
1258003419;469461723;87082810;1525176
1258509147;469460923;87083038;1524814
1259004433;469460135;87083407;1524615
1259510135;469459372;87083922;1524540
1260001527;469458649;87084569;1524584
1260510673;469457974;87085338;1524761
1261004412;469457355;87086211;1525042
1261510001;469456806;87087180;1525409
1262005869;469456334;87088226;1525587
1262512554;469455947;87089335;1525598
1263004603;469455661;87090501;1525661
1263512132;469455484;87091702;1525541
1264005140;469455417;87092924;1525259
1264510258;469455459;87094162;1524909
1265006127;469455611;87095406;1524661
1265513129;469455876;87096643;1524594
1266004137;469456239;87097850;1524548
1266510464;469456696;87099007;1524559
1267005128;469457255;87100082;1524763
1267512273;469457899;87101048;1524952
1268006129;469458614;87101881;1525021
1268511361;469459388;87102554;1525071
1269000913;469460209;87103060;1525080
1269512379;469461056;87103402;1525080
1270004400;469461916;87103586;1525049
1270513129;469462777;87103616;1525043
1271002484;469463627;87103497;1524977
1271512131;469464455;87103236;1524852
1272005146;469465249;87102835;1524775
1272514133;469465997;87102298;1524802
1273003216;469466695;87101645;1524796
1273507330;469467335;87100891;1524873
1274006727;469467911;87100047;1524917
1274515137;469468413;87099121;1524957
1275001893;469468837;87098125;1525008
1275511359;469469183;87097070;1524945
1276003271;469469445;87095965;1524780
1276509149;469469612;87094826;1524596
1277005564;469469682;87093666;1524483
1277512412;469469654;87092503;1524520
1277998170;469469527;87091349;1524929
1278513392;469469319;87090222;1525447
1279004129;469469044;87089136;1525792
1279510596;469468710;87088098;1525883
1280005127;469468302;87087116;1525925
1280514130;469467826;87086203;1525740
1281001266;469467287;87085372;1525564
1281512161;469466691;87084630;1525291
1282005128;469466036;87083991;1525153
1282509135;469465323;87083469;1525043
1283005729;469464562;87083077;1524935
1283513104;469463767;87082826;1524785
1284001416;469462950;87082731;1524716
1284512306;469462128;87082787;1524743
1285001462;469461316;87082975;1524806
1285511429;469460522;87083285;1524872
1286006131;469459753;87083711;1524936
1286514220;469459017;87084251;1525012
1287001355;469458319;87084909;1525083
1287513127;469457673;87085683;1525171
1288008003;469457093;87086572;1525217
1288513206;469456589;87087561;1525269
1289007190;469456168;87088635;1525306
1289512132;469455834;87089782;1525351
1290005437;469455593;87090991;1525356
1290513148;469455452;87092245;1525237
1291005211;469455430;87093529;1525202
1291507180;469455528;87094818;1525276
1292004978;469455741;87096088;1525388
1292512937;469456060;87097313;1525399
1293006129;469456472;87098478;1525260
1293513180;469456974;87099568;1525158
1294007515;469457562;87100568;1525118
1294514259;469458232;87101457;1525077
1295005285;469458973;87102216;1525020
1295513332;469459774;87102825;1524978
1296002434;469460618;87103258;1525022
1296514786;469461481;87103519;1525054
1297007253;469462345;87103621;1525083
1297513269;469463197;87103573;1525113
1298007667;469464026;87103384;1525084
1298514736;469464826;87103062;1524952
1299004295;469465589;87102612;1524779
1299512128;469466310;87102038;1524699
1300003270;469466979;87101348;1524687
1300509674;469467587;87100557;1524694
1301006314;469468132;87099679;1524626
1301513403;469468599;87098715;1524721
1302004139;469468978;87097682;1525062
1302510288;469469266;87096604;1525522
1303001955;469469474;87095513;1525898
1303511504;469469608;87094416;1526149
1304002145;469469670;87093312;1526190
1304514807;469469658;87092212;1525991
1305001808;469469559;87091116;1525723
1305512131;469469376;87090035;1525415
1306007136;469469111;87088983;1525069
1306515434;469468758;87087974;1524881
1307003144;469468325;87087023;1524752
1307514840;469467821;87086145;1524655
1308003999;469467251;87085353;1524663
1308515131;469466623;87084653;1524753
1309006604;469465946;87084051;1524934
1309509130;469465227;87083554;1525084
1310007128;469464472;87083168;1525178
1310514266;469463686;87082906;1525160
1311002661;469462879;87082781;1525142
1311510101;469462061;87082798;1525080
1312006132;469461246;87082957;1524987
1312514129;469460448;87083258;1524963
1313007974;469459678;87083697;1525022
1313511317;469458947;87084264;1525084
1314002217;469458263;87084944;1525114
1314515822;469457635;87085733;1525160
1315005252;469457072;87086624;1525270
1315513128;469456583;87087606;1525378
1316004028;469456169;87088660;1525417
1316515233;469455835;87089781;1525351
1317006129;469455596;87090965;1525315
1317514247;469455462;87092199;1525344
1318007137;469455428;87093459;1525236
1318508774;469455497;87094726;1525117
1319004599;469455675;87095984;1525017
1319512020;469455966;87097207;1524946
1320006873;469456369;87098373;1524901
1320516577;469456879;87099458;1524916
1321006316;469457483;87100447;1524998
1321513135;469458166;87101324;1524973
1322008968;469458912;87102081;1524895
1322513052;469459713;87102702;1524846
1322999914;469460559;87103168;1524791
1323513266;469461438;87103456;1524885
1324004632;469462326;87103580;1524938
1324515796;469463206;87103540;1525027
1325007230;469464061;87103351;1525079
1325514407;469464878;87103024;1525054
1326004989;469465652;87102568;1524987
1326515488;469466375;87101987;1524945
1327007821;469467042;87101294;1524914
1327507307;469467647;87100503;1524868
1328009182;469468186;87099617;1524792
1328515591;469468648;87098646;1524727
1329006131;469469027;87097605;1524702
1329512524;469469312;87096509;1524949
1330008875;469469507;87095384;1525235
1330516254;469469616;87094249;1525565
1331007638;469469655;87093118;1525599
1331513136;469469620;87091992;1525473
1332004264;469469506;87090875;1525236
1332515869;469469309;87089781;1524988
1333008130;469469022;87088729;1524853
1333510167;469468647;87087738;1524858
1334008128;469468194;87086818;1524911
1334515750;469467673;87085974;1524972
1335005144;469467095;87085207;1525000
1335510090;469466464;87084529;1525073
1336006130;469465784;87083948;1525185
1336510932;469465064;87083469;1525178
1337008399;469464310;87083097;1525129
1337511375;469463524;87082842;1525002
1338005131;469462715;87082721;1524919
1338515128;469461893;87082747;1524863
1339006271;469461075;87082931;1524863
1339514926;469460276;87083271;1524922
1340007132;469459511;87083753;1524955
1340516273;469458788;87084354;1524988
1341000578;469458115;87085064;1525074
1341515282;469457501;87085882;1525294
1342005302;469456958;87086789;1525560
1342516132;469456494;87087760;1525666
1343008495;469456109;87088784;1525617
1343515156;469455806;87089861;1525480
1344007131;469455594;87090998;1525393
1344517155;469455465;87092179;1525129
1345008728;469455430;87093395;1524919
1345510172;469455494;87094631;1524728
1346007408;469455662;87095864;1524598
1346517128;469455937;87097067;1524594
1347007131;469456312;87098220;1524617
1347515077;469456779;87099301;1524698
1348007134;469457329;87100299;1524837
1348516306;469457956;87101205;1524911
1349005826;469458653;87101998;1524859
1349515243;469459418;87102647;1524745
1350000439;469460235;87103133;1524631
1350513724;469461084;87103453;1524556
1351005465;469461950;87103615;1524459
1351514133;469462820;87103619;1524464
1352004275;469463679;87103468;1524501
1352513141;469464515;87103167;1524558
1353007134;469465313;87102729;1524658
1353516128;469466067;87102165;1524777
1354006145;469466764;87101489;1524913
1354511243;469467402;87100724;1524982
1355008752;469467973;87099877;1525000
1355511485;469468470;87098951;1525003
1356007056;469468886;87097954;1524986
1356516813;469469211;87096897;1525129
1357008269;469469452;87095807;1525232
1357513242;469469619;87094704;1525232
1358007133;469469702;87093591;1525247
1358516257;469469694;87092477;1525261
1359002142;469469595;87091378;1525216
1359515067;469469414;87090305;1525205
1360006138;469469159;87089264;1525175
1360514291;469468834;87088265;1525120
1361007135;469468444;87087313;1524976
1361513801;469467981;87086418;1524893
1362006277;469467445;87085594;1524957
1362515131;469466839;87084858;1525083
1363008330;469466176;87084219;1525217
1363509137;469465469;87083681;1525217
1364007356;469464724;87083256;1525194
1364516794;469463948;87082958;1525131
1365006315;469463151;87082798;1525083
1365511293;469462343;87082774;1525030
1366006131;469461535;87082886;1525042
1366514252;469460740;87083142;1525185
1367007131;469459965;87083529;1525301
1367514129;469459220;87084041;1525406
1368004808;469458509;87084659;1525336
1368516661;469457846;87085389;1525214
1369009352;469457240;87086238;1525181
1369514136;469456708;87087201;1525304
1370009757;469456264;87088265;1525481
1370517129;469455923;87089398;1525760
1371009160;469455674;87090569;1525973
1371516129;469455504;87091747;1525871
1372009841;469455413;87092935;1525446
1372513207;469455415;87094144;1525008
1373009131;469455524;87095359;1524651
1373513361;469455744;87096558;1524358
1374005206;469456080;87097716;1524245
1374517130;469456519;87098809;1524285
1375006232;469457048;87099818;1524401
1375515737;469457652;87100730;1524463
1376010488;469458328;87101531;1524646
1376516277;469459059;87102218;1524694
1377004351;469459835;87102779;1524786
1377513184;469460647;87103208;1524925
1378009866;469461483;87103498;1524984
1378513874;469462330;87103640;1524919
1379009214;469463175;87103621;1524917
1379513601;469464004;87103441;1524964
1380005338;469464805;87103115;1525023
1380517132;469465565;87102654;1525074
1381011397;469466279;87102073;1525090
1381510455;469466941;87101385;1525072
1382006168;469467547;87100605;1525024
1382518194;469468089;87099741;1524942
1383008593;469468561;87098802;1524840
1383515449;469468956;87097796;1524793
1384012952;469469268;87096734;1524834
1384512098;469469492;87095633;1524941
1385009710;469469630;87094509;1525025
1385515472;469469682;87093377;1525076
1386004839;469469651;87092249;1525056
1386516129;469469537;87091136;1525155
1387004148;469469347;87090051;1525257
1387510397;469469079;87089004;1525405
1388005882;469468737;87088007;1525588
1388516945;469468321;87087069;1525715
1389008761;469467840;87086197;1525660
1389515486;469467298;87085404;1525438
1390005154;469466693;87084704;1525249
1390511328;469466035;87084101;1525167
1391008789;469465334;87083599;1525132
1391515338;469464591;87083209;1525142
1392004149;469463815;87082942;1525112
1392516754;469463018;87082802;1524966
1393009026;469462208;87082797;1524887
1393514130;469461396;87082942;1524998
1394009163;469460593;87083228;1525231
1394517113;469459815;87083644;1525480
1395004948;469459070;87084175;1525634
1395515972;469458366;87084810;1525562
1396005585;469457713;87085560;1525443
1396517193;469457122;87086425;1525334
1397009133;469456608;87087400;1525315
1397513781;469456191;87088466;1525499
1398008134;469455861;87089585;1525667
1398517133;469455599;87090746;1525638
1399006294;469455427;87091999;1526118
1399509144;469455380;87093315;1527555
1400012735;469455439;87094653;1529338
1400514158;469455601;87095993;1531242
1401011469;469455880;87097310;1533181
1401517133;469456284;87098576;1535149
1402012345;469456812;87099745;1537110
1402517329;469457460;87100765;1539129
1403011296;469458202;87101614;1541058
1403518129;469459001;87102293;1542911
1404006327;469459828;87102822;1544655
1404516866;469460678;87103211;1546260
1405012133;469461539;87103468;1547645
1405517130;469462404;87103642;1548804
1406013049;469463275;87103784;1549837
1406522938;469464150;87103920;1551007
1407010134;469465028;87104060;1552383
1407519134;469465905;87104207;1554007
1408008145;469466781;87104363;1555665
1408512116;469467659;87104527;1557190
1409011511;469468535;87104704;1558741
1409519069;469469411;87104887;1560246
1410010480;469470291;87105075;1561634
1410519788;469471176;87105262;1563092
1411011286;469472066;87105439;1564648
1411514309;469472958;87105602;1566309
1412011243;469473851;87105748;1567875
1412519251;469474748;87105829;1569090
1413006348;469475651;87105784;1570065
1413518214;469476537;87105549;1571244
1414010104;469477378;87105121;1572720
1414517134;469478156;87104534;1574330
1415008876;469478856;87103820;1576137
1415517132;469479482;87103011;1577866
1416010349;469480037;87102128;1579485
1416518131;469480524;87101184;1581229
1417011737;469480949;87100186;1582999
1417509721;469481309;87099136;1584709
1418010726;469481593;87098043;1586274
1418515140;469481823;87096931;1587440
1419009130;469482060;87095820;1588012
1419516132;469482361;87094712;1588059
1420010139;469482786;87093644;1588287
1420517134;469483350;87092673;1589048
1421009250;469484031;87091846;1590472
1421516141;469484786;87091180;1592478
1422003803;469485584;87090653;1594680
1422518129;469486410;87090253;1596814
1423010128;469487257;87089972;1598732
1423515546;469488121;87089810;1600307
1424009134;469488995;87089788;1601743
1424518181;469489871;87089920;1603202
1425009461;469490740;87090217;1604736
1425516597;469491589;87090679;1606408
1426009130;469492395;87091310;1608148
1426509382;469493139;87092089;1609810
1427008945;469493809;87092984;1611417
1427516131;469494404;87093970;1613059
1428003144;469494913;87095039;1614617
1428515131;469495335;87096181;1615888
1429004979;469495649;87097393;1617095
1429514218;469495850;87098659;1618211
1430005401;469495927;87099963;1619275
1430517134;469495874;87101275;1620361
1431004172;469495701;87102558;1621603
1431511275;469495419;87103786;1622940
1432009136;469495071;87104965;1624267
1432517039;469494699;87106134;1625322
1433007289;469494324;87107317;1626277
1433517129;469493956;87108517;1627321
1434009129;469493598;87109729;1628482
1434515228;469493249;87110945;1629745
1435007862;469492908;87112160;1631057
1435512126;469492573;87113374;1632405
1436010402;469492254;87114591;1633790
1436515021;469491980;87115828;1635372
1437010162;469491767;87117099;1636853
1437518132;469491642;87118407;1638358
1438011244;469491634;87119737;1639945
1438516794;469491759;87121058;1641637
1439013812;469492014;87122339;1643313
1439516147;469492390;87123551;1645130
1440008196;469492871;87124681;1647084
1440520136;469493438;87125722;1648965
1441009379;469494081;87126667;1650591
1441518759;469494788;87127520;1651748
1442009982;469495514;87128330;1652229
1442517214;469496220;87129144;1651350
1443011244;469496846;87130100;1649836
1443514219;469497317;87131260;1648396
1444011362;469497590;87132567;1647314
1444511551;469497677;87133928;1646835
1445009036;469497618;87135277;1647004
1445518162;469497459;87136577;1647614
1446009141;469497231;87137821;1648272
1446520132;469496944;87139009;1648780
1447012187;469496604;87140141;1648998
1447517131;469496203;87141209;1648908
1448013137;469495728;87142195;1648771
1448516931;469495183;87143079;1648742
1449004158;469494584;87143857;1648714
1449516291;469493940;87144523;1648749
1450012153;469493257;87145083;1648951
1450519215;469492544;87145546;1649169
1451518132;469491047;87146145;1649230
1452010226;469490277;87146259;1649138
1452518160;469489508;87146241;1649028
1453009390;469488749;87146094;1648912
1453511296;469488010;87145823;1648838
1454012724;469487298;87145437;1648796
1454517182;469486620;87144943;1648799
1455011959;469485980;87144351;1648800
1455517138;469485387;87143664;1648977
1456012505;469484843;87142894;1649259
1456517362;469484355;87142050;1649599
1457013337;469483924;87141149;1649859
1457522144;469483551;87140206;1649818
1458007960;469483241;87139218;1649583
1458521546;469483003;87138185;1649170
1459013554;469482851;87137104;1648806
1459514147;469482788;87135988;1648546
1460011278;469482816;87134855;1648425
1460519132;469482934;87133723;1648426
1461010132;469483138;87132607;1648552
1461518238;469483422;87131518;1648669
1462009374;469483782;87130469;1648800
1462512551;469484219;87129471;1648959
1463008751;469484730;87128536;1649083
1463518135;469485315;87127679;1649155
1464010291;469485971;87126915;1649158
1464519281;469486696;87126266;1649150
1465011399;469487477;87125748;1649091
1465518431;469488301;87125374;1649025
1466012384;469489156;87125150;1648948
1466519362;469490029;87125076;1648894
1467007387;469490909;87125154;1648909
1467518130;469491784;87125392;1649008
1468009526;469492637;87125791;1649204
1468519131;469493454;87126341;1649399
1469011288;469494220;87127033;1649592
1469519909;469494921;87127862;1649786
1470008139;469495549;87128809;1649929
1470520244;469496094;87129860;1650083
1471011586;469496546;87130995;1650195
1471513131;469496896;87132195;1650294
1472012201;469497141;87133436;1650294
1472519409;469497279;87134697;1650189
1473010816;469497311;87135959;1650038
1473518294;469497236;87137205;1649881
1474012130;469497064;87138417;1649655
1474515142;469496793;87139578;1649529
1475008789;469496432;87140674;1649490
1475518202;469495996;87141696;1649466
1476007166;469495494;87142638;1649429
1476519212;469494931;87143490;1649345
1477011245;469494309;87144237;1649251
1477515403;469493632;87144872;1649288
1478012536;469492907;87145389;1649422
1478520133;469492145;87145776;1649715
1479011534;469491364;87146036;1650080
1479518136;469490576;87146177;1650369
1480012246;469489793;87146205;1650428
1480515132;469489018;87146118;1650368
1481012462;469488260;87145910;1650139
1481518072;469487526;87145567;1650034
1482008030;469486828;87145102;1650077
1482516829;469486170;87144540;1650126
1483012131;469485554;87143896;1649937
1483518132;469484984;87143166;1649560
1484012131;469484468;87142350;1649162
1484521387;469484013;87141447;1648950
1485007131;469483620;87140474;1648838
1485519130;469483296;87139441;1648814
1486012477;469483046;87138357;1648856
1486517144;469482878;87137234;1648919
1487012211;469482801;87136085;1649091
1487520388;469482812;87134923;1649230
1488012130;469482914;87133764;1649357
1488521438;469483107;87132624;1649408
1489013136;469483389;87131514;1649432
1489514142;469483755;87130446;1649382
1490013129;469484207;87129436;1649359
1490521413;469484739;87128498;1649343
1491012186;469485346;87127648;1649361
1491520246;469486020;87126898;1649395
1492012133;469486754;87126261;1649449
1492520132;469487539;87125745;1649441
1493012163;469488369;87125364;1649406
1493520021;469489234;87125132;1649333
1494004979;469490122;87125058;1649270
1494520139;469491017;87125150;1649270
1495012137;469491902;87125409;1649279
1495520034;469492762;87125833;1649307
1496013376;469493579;87126417;1649417
1496523474;469494338;87127150;1649591
1497012129;469495028;87128017;1649840
1497520068;469495640;87128995;1650063
1498012199;469496168;87130066;1650212
1498518501;469496606;87131212;1650254
1499010315;469496945;87132418;1650233
1499520137;469497180;87133670;1650167
1500012129;469497304;87134946;1650041
1500520892;469497314;87136223;1649926
1501013524;469497213;87137477;1649830
1501520360;469497005;87138688;1649789
1502014303;469496704;87139841;1649780
1502521918;469496319;87140928;1649777
1503009141;469495858;87141937;1649815
1503521241;469495328;87142861;1649835
1504013133;469494739;87143690;1649798
1504521279;469494099;87144419;1649631
1505014131;469493414;87145043;1649387
1505519861;469492690;87145553;1649086
1506013134;469491931;87145928;1648865
1506521512;469491148;87146163;1648718
1507012734;469490356;87146255;1648701
1507517132;469489567;87146211;1648758
1508014560;469488791;87146042;1648878
1508521001;469488037;87145756;1649034
1509013269;469487311;87145359;1649210
1509521245;469486619;87144860;1649341
1510014729;469485967;87144268;1649435
1510521788;469485360;87143585;1649524
1511014131;469484801;87142816;1649544
1511522136;469484298;87141962;1649567
1512009729;469483860;87141031;1649571
1512522138;469483492;87140030;1649562
1513014128;469483203;87138970;1649601
1513516144;469482995;87137864;1649626
1514011358;469482872;87136726;1649707
1514522224;469482833;87135569;1649793
1515013082;469482879;87134405;1649817
1515522061;469483013;87133244;1649833
1516014277;469483237;87132101;1649769
1516515869;469483552;87130995;1649660
1517015362;469483959;87129946;1649610
1517522369;469484451;87128969;1649637
1518010157;469485022;87128077;1649687
1518521616;469485662;87127281;1649745
1519010715;469486363;87126588;1649741
1519518146;469487121;87126008;1649742
1520013717;469487928;87125550;1649652
1520521329;469488777;87125236;1649555
1521006140;469489659;87125084;1649498
1521519450;469490555;87125096;1649511
1522013219;469491449;87125264;1649509
1522521276;469492327;87125589;1649549
1523012378;469493175;87126069;1649536
1523521942;469493974;87126709;1649562
1524013990;469494709;87127501;1649663
1524521243;469495365;87128425;1649819
1525014777;469495937;87129453;1649903
1525512418;469496416;87130568;1649955
1526013501;469496794;87131753;1649953
1526522801;469497065;87132989;1649943
1527012326;469497225;87134255;1649926
1527519470;469497281;87135528;1649898
1528014132;469497235;87136789;1649875
1528518257;469497092;87138021;1649900
1529013138;469496859;87139210;1649979
1529518146;469496540;87140340;1650032
1530008471;469496141;87141398;1650021
1530522673;469495667;87142372;1649880
1531015649;469495121;87143250;1649731
1531516763;469494513;87144024;1649584
1532011450;469493851;87144689;1649407
1532523277;469493146;87145240;1649257
1533012697;469492406;87145669;1649153
1533520406;469491640;87145970;1649169
1534013295;469490859;87146142;1649283
1534518127;469490075;87146193;1649452
1535014490;469489296;87146131;1649619
1535521540;469488527;87145961;1649697
1536013386;469487774;87145682;1649709
1536522337;469487043;87145289;1649666
1537012150;469486344;87144781;1649611
1537518931;469485688;87144159;1649572
1538012153;469485086;87143430;1649531
1538522693;469484549;87142599;1649588
1539012280;469484081;87141682;1649695
1539518635;469483684;87140696;1649788
1540014134;469483358;87139649;1649901
1540521245;469483105;87138552;1649970
1541012465;469482929;87137411;1650056
1541521705;469482834;87136240;1650080
1542013137;469482825;87135053;1650071
1542523129;469482911;87133865;1650014
1543014792;469483093;87132689;1649924
1543517132;469483370;87131546;1649873
1544015456;469483740;87130453;1649843
1544522145;469484195;87129426;1649834
1545011672;469484731;87128480;1649858
1545518693;469485338;87127622;1649817
1546011261;469486013;87126863;1649760
1546521277;469486752;87126217;1649700
1547012875;469487544;87125700;1649658
1547518305;469488383;87125329;1649649
1548009131;469489255;87125110;1649649
1548521353;469490145;87125049;1649644
1549014132;469491040;87125150;1649688
1549521270;469491927;87125411;1649733
1550014135;469492788;87125836;1649771
1550520613;469493609;87126422;1649815
1551014134;469494373;87127158;1649875
1551521248;469495069;87128027;1649958
1552014260;469495684;87129009;1650041
1552517275;469496209;87130087;1650172
1553014134;469496640;87131241;1650229
1553522133;469496970;87132452;1650266
1554013132;469497197;87133701;1650314
1554521247;469497320;87134969;1650336
1555011508;469497334;87136235;1650294
1555520688;469497237;87137479;1650250
1556014132;469497031;87138679;1650275
1556522398;469496730;87139819;1650354
1557010242;469496347;87140889;1650449
1557521537;469495897;87141885;1650410
1558015393;469495383;87142800;1650337
1558522137;469494809;87143628;1650192
1559015154;469494180;87144354;1650054
1559522130;469493502;87144972;1649895
1560014876;469492783;87145472;1649774
1560522135;469492032;87145851;1649697
1561015127;469491259;87146104;1649643
1561516147;469490474;87146235;1649593
1562015170;469489687;87146240;1649581
1562520140;469488913;87146166;1649305
1563014543;469488155;87146090;1647672
1563523218;469487386;87146134;1645193
1564014787;469486612;87146433;1642678
1564521985;469485878;87147014;1640496
1565015208;469485223;87147818;1638848
1565521364;469484656;87148765;1637760
1566012847;469484167;87149791;1637015
1566519889;469483739;87150856;1636301
1567015998;469483366;87151953;1635367
1567522776;469483049;87153083;1634105
1568015133;469482776;87154242;1632601
1568523136;469482530;87155420;1630999
1569015128;469482294;87156613;1629483
1569518873;469482060;87157814;1628100
1570016131;469481821;87159013;1626717
1570519171;469481578;87160210;1625256
1571015982;469481327;87161406;1623786
1571522878;469481051;87162594;1622335
1572012559;469480732;87163756;1620882
1572522131;469480353;87164876;1619417
1573011867;469479896;87165929;1618114
1573521240;469479362;87166889;1616873
1574016184;469478757;87167735;1615686
1574523542;469478091;87168455;1614520
1575011293;469477382;87169045;1613266
1575522267;469476638;87169506;1611981
1576011825;469475868;87169837;1610729
1576523995;469475081;87170042;1609390
1577012139;469474288;87170124;1607862
1577523474;469473500;87170085;1606128
1578012827;469472720;87169913;1604420
1578522133;469471961;87169607;1602796
1579015549;469471232;87169178;1601334
1579518128;469470545;87168635;1599981
1580016503;469469905;87168001;1598643
1580522371;469469316;87167283;1597360
1581015526;469468784;87166489;1596028
1581522342;469468314;87165619;1594857
1582016420;469467906;87164687;1593746
1582523278;469467558;87163707;1592565
1583016131;469467278;87162681;1591312
1583523126;469467082;87161612;1590055
1584011757;469466967;87160510;1588802
1584524164;469466892;87159395;1587505
1585013177;469466814;87158272;1586099
1585519469;469466709;87157141;1584752
1586016444;469466571;87156011;1583520
1586520953;469466408;87154888;1582424
1587015183;469466237;87153773;1581258
1587522431;469466070;87152656;1580277
1588016746;469465925;87151531;1579505
1588516346;469465792;87150403;1578910
1589012834;469465664;87149278;1578153
1589520262;469465534;87148157;1577039
1590015171;469465402;87147032;1575694
1590523132;469465269;87145897;1574171
1591013145;469465136;87144751;1572632
1591522218;469465002;87143594;1571130
1592014360;469464867;87142427;1569744
1592526057;469464732;87141256;1568467
1593007844;469464598;87140082;1567217
1593522131;469464465;87138908;1565931
1594012443;469464330;87137736;1564550
1594523429;469464192;87136563;1563145
1595013181;469464049;87135389;1561836
1595522508;469463908;87134213;1560607
1596012294;469463770;87133038;1559401
1596523133;469463635;87131864;1558075
1597016128;469463500;87130686;1556695
1597518132;469463364;87129503;1555260
1598017131;469463227;87128311;1553876
1598524220;469463089;87127114;1552493
1599015140;469462951;87125911;1551230
1599523217;469462814;87124707;1549901
1600013852;469462675;87123502;1548585
1600524250;469462538;87122296;1547259
1601017167;469462402;87121088;1545925
1601524287;469462266;87119876;1544662
1602013810;469462130;87118662;1543375
1602525143;469461991;87117447;1542031
1603014830;469461857;87116229;1540659
1603522259;469461757;87115004;1539187
1604016182;469461715;87113771;1537384
1604526132;469461776;87112529;1535641
1605014283;469461959;87111301;1534146
1605524132;469462256;87110116;1532858
1606017129;469462655;87109000;1531575
1606519193;469463143;87107968;1530304
1607017293;469463710;87107034;1528984
1607524341;469464342;87106200;1527608
1608016133;469465006;87105426;1526348
1608524133;469465670;87104664;1525535
1609013144;469466308;87103887;1524960
1609522545;469466929;87103113;1524760
1610013564;469467552;87102376;1524463
1610521280;469468199;87101683;1524017
1611012662;469468862;87100981;1524039
1611520145;469469513;87100225;1523940
1612016131;469470083;87099313;1523825
1612522506;469470489;87098226;1524133
1613015129;469470708;87097058;1524722
1613518778;469470768;87095897;1525461
1614012667;469470723;87094786;1526044
1614522135;469470620;87093727;1526280
1615015128;469470477;87092701;1526224
1615514139;469470296;87091689;1525882
1616015659;469470067;87090679;1525467
1616520174;469469782;87089677;1525054
1617014331;469469428;87088698;1524800
1617522191;469469003;87087760;1524748
1618015226;469468508;87086880;1524748
1618522513;469467947;87086077;1524799
1619012325;469467325;87085366;1524888
1619521266;469466649;87084765;1525003
1620011241;469465930;87084278;1525095
1620520586;469465180;87083917;1525260
1621015268;469464410;87083676;1525526
1621522130;469463630;87083547;1525796
1622012528;469462840;87083538;1526143
1622522055;469462046;87083647;1526443
1623014235;469461260;87083881;1526579
1623522129;469460493;87084236;1526460
1624015133;469459752;87084722;1526275
1624519131;469459041;87085332;1526000
1625012144;469458375;87086086;1525583
1625523384;469457800;87087039;1525370
1626014996;469457347;87088161;1525246
1626524193;469457056;87089418;1525197
1627016140;469456969;87090746;1525304
1627519146;469457108;87092058;1525636
1628014469;469457454;87093275;1526142
1628526425;469457917;87094386;1526549
1629011302;469458435;87095427;1526681
1629526137;469458978;87096440;1526484
1630016142;469459526;87097473;1526395
1630525137;469460043;87098609;1526754
1631019093;469460473;87099885;1527417
1631524133;469460755;87101286;1528732
1632017246;469460946;87102721;1530914
1632526301;469461120;87104141;1533642
1633018287;469461323;87105561;1536041
1633523048;469461631;87106955;1538283
1634017173;469462100;87108251;1540797
1634528715;469462735;87109375;1543660
1635017133;469463505;87110276;1546699
1635524693;469464374;87110899;1549816
1636018130;469465291;87111214;1552997
1636524149;469466207;87111230;1556129
1637018387;469467093;87111046;1559006
1637525344;469467955;87110798;1561655
1638011660;469468829;87110568;1563763
1638528786;469469720;87110477;1565362
1639018162;469470599;87110606;1566363
1639525288;469471430;87111011;1566849
1640018206;469472157;87111704;1567046
1640525140;469472737;87112644;1567168
1641014830;469473128;87113777;1567244
1641522960;469473306;87115020;1567241
1642018131;469473258;87116283;1567301
1642521810;469472994;87117472;1567506
1643016130;469472541;87118505;1567732
1643524270;469471942;87119328;1567895
1644017127;469471256;87119946;1567924
1644525757;469470526;87120416;1567811
1645019126;469469770;87120796;1567650
1645521857;469468996;87121110;1567541
1646019956;469468210;87121367;1567440
1646527133;469467415;87121564;1567340
1647013296;469466617;87121688;1567275
1647521908;469465816;87121730;1567342
1648019210;469465017;87121684;1567402
1648523840;469464228;87121540;1567384
1649017971;469463456;87121289;1567306
1649527131;469462708;87120917;1567189
1650016144;469461999;87120418;1567075
1650528131;469461342;87119796;1567000
1651020132;469460745;87119067;1566979
1651522140;469460209;87118244;1567096
1652016538;469459735;87117339;1567340
1652526444;469459328;87116365;1567540
1653020141;469458992;87115336;1567641
1653527133;469458726;87114265;1567633
1654020599;469458534;87113162;1567586
1654528131;469458414;87112034;1567467
1655021247;469458378;87110887;1567297
1655529136;469458431;87109737;1567200
1656016176;469458571;87108599;1567087
1656529131;469458802;87107490;1566966
1657018141;469459125;87106427;1566916
1657526133;469459536;87105423;1566852
1658021649;469460026;87104495;1566818
1658529134;469460593;87103653;1566791
1659021864;469461227;87102907;1566807
1659526187;469461918;87102266;1566855
1660021246;469462655;87101735;1566899
1660525127;469463431;87101317;1566951
1661021816;469464235;87101023;1566983
1661523593;469465063;87100860;1566976
1662016501;469465905;87100835;1566920
1662529507;469466747;87100954;1566756
1663020217;469467576;87101225;1566614
1663526139;469468377;87101648;1566426
1664018336;469469135;87102224;1566260
1664525222;469469836;87102943;1566152
1665014149;469470473;87103785;1566109
1665526779;469471039;87104735;1566158
1666019136;469471529;87105778;1566362
1666526162;469471934;87106898;1566672
1667018137;469472245;87108081;1567075
1667526086;469472463;87109304;1567493
1668017834;469472585;87110554;1567750
1668526137;469472604;87111814;1567866
1669018898;469472513;87113068;1567803
1669522139;469472311;87114295;1567637
1670019132;469472002;87115475;1567499
1670524818;469471598;87116591;1567422
1671019133;469471104;87117630;1567446
1671527131;469470536;87118578;1567377
1672021242;469469892;87119412;1567415
1672528142;469469188;87120125;1567388
1673022137;469468436;87120703;1567399
1673528134;469467651;87121132;1567533
1674015137;469466849;87121419;1567670
1674528230;469466045;87121576;1567823
1675022155;469465246;87121611;1567952
1675522842;469464458;87121524;1568028
1676020293;469463688;87121302;1567999
1676529657;469462962;87120886;1567982
1677020707;469462302;87120274;1567855
1677528144;469461764;87119441;1567744
1678022060;469461389;87118432;1567748
1678522147;469461202;87117313;1567820
1679021241;469461213;87116155;1567918
1679528133;469461427;87115029;1568029
1680017462;469461835;87114008;1568149
1680530131;469462398;87113138;1568297
1681020993;469463059;87112418;1568370
1681527443;469463805;87111889;1568456
1682021986;469464617;87111580;1568581
1682530131;469465464;87111508;1568485
1683016078;469466308;87111713;1568336
1683525535;469467099;87112207;1568218
1684017434;469467795;87112944;1568150
1684527188;469468393;87113843;1568113
1685020435;469468933;87114852;1567974
1685531257;469469454;87115901;1567634
1686019176;469469962;87116918;1567617
1686532131;469470461;87117869;1568180
1687024061;469470935;87118744;1569045
1687523430;469471382;87119565;1569624
1688024292;469471800;87120338;1570037
1688532323;469472183;87121069;1570358
1689021742;469472534;87121756;1570504
1689526144;469472854;87122397;1570487
1690019733;469473142;87122986;1570398
1690531411;469473396;87123520;1570247
1691022527;469473619;87123999;1570048
1691527860;469473813;87124430;1569823
1692015164;469473983;87124825;1569580
1692528236;469474135;87125169;1569347
1693021244;469474276;87125454;1569158
1693527173;469474410;87125708;1568816
1694019116;469474538;87125909;1568185
1694528599;469474646;87126049;1567412
1695018057;469474727;87126146;1566718
1695526650;469474794;87126226;1566080
1696020144;469474850;87126295;1565445
1696527784;469474895;87126352;1564763
1697022271;469474927;87126395;1564038
1697529961;469474948;87126427;1563312
1698021465;469474960;87126447;1562559
1698528667;469474968;87126458;1561812
1699023133;469474973;87126463;1561078
1699529132;469474978;87126468;1560360
1700020757;469474981;87126471;1559642
1700531317;469474984;87126471;1558886
1701017133;469474988;87126472;1558155
1701528197;469474992;87126468;1557459
1702018403;469474995;87126463;1556780
1702529143;469474997;87126463;1556098
1703023016;469474998;87126467;1555425
1703530128;469474999;87126474;1554760
1704019219;469475001;87126479;1554080
1704532374;469475003;87126484;1553377
1705022060;469475004;87126489;1552681
1705524213;469475004;87126494;1551974
1706023139;469475003;87126500;1551227
1706530353;469475001;87126506;1550465
1707021727;469474997;87126510;1549704
1707528496;469474993;87126513;1548954
1708022755;469474992;87126513;1548174
1708531242;469474991;87126513;1547425
1709019397;469474990;87126512;1546677
1709529077;469474990;87126514;1545938
1710018256;469474990;87126515;1545193
1710532947;469474988;87126513;1544471
1711018956;469474984;87126511;1543757
1711525840;469474980;87126512;1543014
1712023137;469474978;87126518;1542297
1712532066;469474979;87126522;1541566
1713017150;469474981;87126522;1540805
1713528857;469474981;87126521;1540047
1714019147;469474977;87126519;1539307
1714522161;469474973;87126516;1538530
1715021322;469474971;87126512;1537761
1715526116;469474971;87126506;1537015
1716021308;469474976;87126501;1536250
1716530138;469474979;87126497;1535521
1717020159;469474976;87126494;1534845
1717524247;469474973;87126491;1534132
1718017238;469474974;87126491;1533370
1718526537;469474973;87126493;1532615
1719016136;469474971;87126487;1531873
1719527977;469474971;87126477;1531138
1720018142;469474973;87126472;1530395
1720528131;469474973;87126476;1529617
1721021385;469474973;87126484;1528837
1721528356;469474973;87126489;1528086
1722016232;469474974;87126494;1527330
1722528816;469474973;87126499;1526575
1723020803;469474970;87126500;1525852
1723522520;469474968;87126492;1525117
1724022133;469474968;87126484;1524426
1724529339;469474971;87126472;1523735
1725020627;469474972;87126464;1523014
1725528167;469474972;87126463;1522272
1726017669;469474975;87126467;1521514
1726528594;469474982;87126469;1520777
1727020987;469474987;87126472;1520067
1727524990;469474989;87126473;1519343
1728017173;469474987;87126473;1518621
1728529249;469474987;87126473;1517852
1729018519;469474987;87126476;1517110
1729526154;469474989;87126479;1516340
1730017890;469474991;87126482;1515609
1730528610;469474995;87126485;1514871
1731019140;469475000;87126485;1514139
1731525927;469475004;87126486;1513338
1732021568;469475003;87126487;1512581
1732522183;469474999;87126490;1511858
1733019134;469474995;87126490;1511126
1733526131;469474990;87126484;1510411
1734016433;469474987;87126478;1509666
1734527147;469474983;87126479;1508979
1735020568;469474979;87126477;1508297
1735522416;469474976;87126470;1507609
1736019309;469474976;87126464;1506960
1736527229;469474980;87126463;1506399
1737010873;469474986;87126462;1505854
1737522306;469474988;87126469;1505327
1738016720;469474990;87126479;1504828
1738526444;469474989;87126487;1504410
1739020101;469474991;87126491;1504020
1739525002;469474996;87126492;1503645
1740019002;469475000;87126492;1503292
1740527131;469475004;87126495;1502969
1741017364;469475004;87126502;1502635
1741522649;469475001;87126511;1502289
1742018425;469474996;87126519;1501938
1742527485;469474991;87126523;1501594
1743014828;469474987;87126523;1501271
1743523133;469474985;87126521;1500927
1744021385;469474988;87126518;1500574
1744522882;469474990;87126515;1500229
1745014846;469474989;87126511;1499887
1745521543;469474988;87126505;1499545
1746016343;469474985;87126500;1499213
1746525767;469474982;87126496;1498876
1747019774;469474980;87126499;1498519
1747525114;469474979;87126506;1498129
1748018554;469474978;87126511;1497778
1748527531;469474977;87126511;1497435
1749017178;469474977;87126507;1497115
1749524136;469474977;87126503;1496781
1750015612;469474976;87126502;1496452
1750518148;469474975;87126501;1496140
1751017053;469474976;87126498;1495804
1751524132;469474977;87126498;1495468
1752017134;469474978;87126498;1495126
1752525140;469474977;87126498;1494793
1753015146;469474978;87126494;1494450
1753523758;469474979;87126490;1494103
1754018160;469474979;87126488;1493749
1754526179;469474979;87126487;1493404
1755013128;469474979;87126483;1493092
1755524323;469474982;87126479;1492776
1756018484;469474986;87126475;1492415
1756525140;469474988;87126473;1492053
1757018130;469474990;87126477;1491616
1757521495;469474991;87126482;1491265
1758018035;469474991;87126486;1490913
1758522439;469474992;87126489;1490563
1759015148;469474991;87126489;1490231
1759517150;469474989;87126487;1489919
1760018766;469474988;87126485;1489571
1760526131;469474988;87126485;1489238
1761014037;469474989;87126485;1488916
1761521261;469474990;87126486;1488585
1762016184;469474992;87126486;1488261
1762523142;469474994;87126486;1487940
1763015367;469474995;87126484;1487599
1763522142;469474993;87126480;1487254
1764011261;469474991;87126477;1486919
1764523397;469474990;87126478;1486598
1765018734;469474991;87126479;1486253
1765521405;469474990;87126488;1485933
1766018209;469474986;87126496;1485645
1766527130;469474980;87126495;1485375
1767019285;469474977;87126491;1485360
1767521399;469474975;87126490;1485379
1768016149;469474975;87126490;1485388
1768521790;469474975;87126490;1485405
1769015151;469474974;87126490;1485418
1769526230;469474974;87126490;1485439
1770015361;469474974;87126490;1485452
1770526943;469474974;87126490;1485452
